{
  "$schema":
    "https://raw.githubusercontent.com/DotNetAnalyzers/StyleCopAnalyzers/master/StyleCop.Analyzers/StyleCop.Analyzers/Settings/stylecop.schema.json",
  "settings": {
    "documentationRules": {
      "companyName": "SyndicatedLife",
      "copyrightText":
        "  Copyright� 2007 - 2020 Ryan Wilson &lt;syndicated.life@gmail.com&gt; (https://syndicated.life/)\r\n  Licensed under the MIT license. See LICENSE.md in the solution root for full license information.",
      "documentExposedElements": true,
      "fileNamingConvention": "metadata",
      "xmlHeader": true
    },
    "indentation": {
      "indentationSize": 4,
      "useTabs": false
    },
    "orderingRules": {
      "usingDirectivesPlacement": "insideNamespace"
    }
  }
}